Year,Month,Day,Max Temp (°C),Min Temp (°C),Mean Temp (°C),Heat Deg Days (°C),Cool Deg Days (°C),Total Rain (mm),Total Snow (cm),Total Precip (mm),Snow on Grnd (cm),Dir of Max Gust (10s deg),Spd of Max Gust (km/h)
2016,1,1,0.7,-2.9,-1.1,19.1,0,NaN,NaN,0.8,NaN,NaN,NaN
2016,1,2,1.5,-2.9,-0.7,18.7,0,NaN,NaN,0.2,0,NaN,NaN
2016,1,3,2.3,-10.1,-3.9,21.9,0,NaN,NaN,0.2,0,NaN,NaN
2016,1,4,-9.9,-14.2,-12.1,30.1,0,NaN,NaN,0.6,NaN,NaN,NaN
2016,1,5,NaN,-13.1,NaN,NaN,NaN,NaN,NaN,NaN,NaN,NaN,NaN
2016,1,6,2.4,-4.5,-1.1,19.1,0,NaN,NaN,0.3,NaN,NaN,NaN
2016,1,7,3.7,-2.4,0.7,17.3,0,NaN,NaN,1.2,NaN,NaN,NaN
2016,1,8,NaN,-0.1,NaN,NaN,NaN,NaN,NaN,NaN,NaN,NaN,NaN
2016,1,9,8.1,3.4,5.8,12.2,0,NaN,NaN,2.6,NaN,NaN,NaN
2016,1,10,7.8,-5.5,1.2,16.8,0,NaN,NaN,27.1,NaN,NaN,NaN
2016,1,11,-5.3,-8.800000000000001,-7.1,25.1,0,NaN,NaN,0.2,NaN,NaN,NaN
2016,1,12,-0.8,-8.199999999999999,-4.5,22.5,0,NaN,NaN,3.2,3,NaN,NaN
2016,1,13,-6.1,-8.9,-7.5,25.5,0,NaN,NaN,0.5,4,NaN,NaN
2016,1,14,-0.9,-7.4,-4.2,22.2,0,NaN,NaN,0.2,3,NaN,NaN
2016,1,15,5.7,-2.1,1.8,16.2,0,NaN,NaN,1.3,3,NaN,NaN
2016,1,16,3.9,-2.7,0.6,17.4,0,NaN,NaN,1.2,NaN,NaN,NaN
2016,1,17,0.3,-9.1,-4.4,22.4,0,NaN,NaN,0,NaN,NaN,NaN
2016,1,18,-6.6,-10.1,-8.4,26.4,0,NaN,NaN,0.7,NaN,NaN,NaN
2016,1,19,-2.6,-13.3,-8,26,0,NaN,NaN,1.1,0,NaN,NaN
2016,1,20,-2.7,-6.3,-4.5,22.5,0,NaN,NaN,0,NaN,NaN,NaN
2016,1,21,-2.1,-6.5,-4.3,22.3,0,NaN,NaN,47.6,NaN,NaN,NaN
2016,1,22,-1.8,-6.8,-4.3,22.3,0,NaN,NaN,0.9,NaN,NaN,NaN
2016,1,23,-2.5,-9.699999999999999,-6.1,24.1,0,NaN,NaN,0.5,NaN,NaN,NaN
2016,1,24,0.2,-8,-3.9,21.9,0,NaN,NaN,0,0,NaN,NaN
2016,1,25,5.1,-0.1,2.5,15.5,0,NaN,NaN,NaN,NaN,NaN,NaN
2016,1,26,7,1.6,4.3,13.7,0,NaN,NaN,NaN,0,NaN,NaN
2016,1,27,1.7,-2,-0.2,18.2,0,NaN,NaN,1,NaN,NaN,NaN
2016,1,28,2.3,-0.8,0.8,17.2,0,NaN,NaN,1,NaN,NaN,NaN
2016,1,29,1.3,-7.6,-3.2,21.2,0,NaN,NaN,0,0,NaN,NaN
2016,1,30,6.4,-6.8,-0.2,18.2,0,NaN,NaN,NaN,0,NaN,NaN
2016,1,31,9.9,2.9,6.4,11.6,0,NaN,NaN,NaN,NaN,NaN,NaN
2016,2,1,9.9,1.8,5.9,12.1,0,NaN,NaN,NaN,NaN,NaN,NaN
2016,2,2,2.7,0.8,1.8,16.2,0,NaN,NaN,3.5,NaN,NaN,NaN
2016,2,3,15.6,2.3,9,9,0,NaN,NaN,NaN,NaN,NaN,NaN
2016,2,4,4.5,-0.3,2.1,15.9,0,NaN,NaN,NaN,NaN,NaN,NaN
2016,2,5,2.2,-2,0.1,17.9,0,NaN,NaN,NaN,NaN,NaN,NaN
2016,2,6,4.6,0,2.3,15.7,0,NaN,NaN,NaN,NaN,NaN,NaN
2016,2,7,6,-0.5,2.8,15.2,0,NaN,NaN,NaN,NaN,NaN,NaN
2016,2,8,4.4,-1.4,1.5,16.5,0,NaN,NaN,NaN,NaN,NaN,NaN
2016,2,9,2.2,-2,0.1,17.9,0,NaN,NaN,NaN,1,NaN,NaN
2016,2,10,-0.1,-10.4,-5.3,23.3,0,NaN,NaN,NaN,1,NaN,NaN
2016,2,11,-9,-16.2,-12.6,30.6,0,NaN,NaN,0.7,1,NaN,NaN
2016,2,12,-3.4,-14.4,-8.9,26.9,0,NaN,NaN,0.2,1,NaN,NaN
2016,2,13,-14.3,-24.7,-19.5,37.5,0,NaN,NaN,0.3,1,NaN,NaN
2016,2,14,-9.6,-22.4,-16,34,0,NaN,NaN,0,1,NaN,NaN
2016,2,15,0,-9.6,-4.8,22.8,0,NaN,NaN,NaN,2,NaN,NaN
2016,2,16,0.5,-0.8,-0.2,18.2,0,NaN,NaN,NaN,4,NaN,NaN
2016,2,17,0,-9.300000000000001,-4.7,22.7,0,NaN,NaN,NaN,9,NaN,NaN
2016,2,18,-3,-11,-7,25,0,NaN,NaN,NaN,10,NaN,NaN
2016,2,19,8.1,-3.3,2.4,15.6,0,NaN,NaN,NaN,8,NaN,NaN
2016,2,20,12.9,4.8,8.9,9.1,0,NaN,NaN,NaN,0,NaN,NaN
2016,2,21,7.6,-1,3.3,14.7,0,NaN,NaN,NaN,NaN,NaN,NaN
2016,2,22,1,-3.8,-1.4,19.4,0,NaN,NaN,NaN,NaN,NaN,NaN
2016,2,23,0.8,-2.7,-1,19,0,NaN,NaN,0,NaN,NaN,NaN
2016,2,24,2.7,-0.4,1.2,16.8,0,NaN,NaN,NaN,NaN,NaN,NaN
2016,2,25,2.1,-5.9,-1.9,19.9,0,NaN,NaN,2.5,0,NaN,NaN
2016,2,26,-2.3,-10,-6.2,24.2,0,NaN,NaN,NaN,0,NaN,NaN
2016,2,27,5.9,-4,1,17,0,NaN,NaN,NaN,NaN,NaN,NaN
2016,2,28,14.4,3.2,8.800000000000001,9.199999999999999,0,NaN,NaN,NaN,NaN,NaN,NaN
2016,2,29,11.3,-6.3,2.5,15.5,0,NaN,NaN,0.3,NaN,NaN,NaN
2016,3,1,-6.1,-10.3,-8.199999999999999,26.2,0,NaN,NaN,NaN,NaN,NaN,NaN
2016,3,2,-3.8,-10.3,-7.1,25.1,0,NaN,NaN,NaN,13,NaN,NaN
2016,3,3,-3,-9.1,-6.1,24.1,0,NaN,NaN,NaN,9,NaN,NaN
2016,3,4,0.9,-4.7,-1.9,19.9,0,NaN,NaN,NaN,10,NaN,NaN
2016,3,5,0.8,-2.9,-1.1,19.1,0,NaN,NaN,NaN,6,NaN,NaN
2016,3,6,2.3,-4.5,-1.1,19.1,0,NaN,NaN,NaN,6,NaN,NaN
2016,3,7,12.3,1.8,7.1,10.9,0,NaN,NaN,NaN,4,NaN,NaN
2016,3,8,11.6,5.4,8.5,9.5,0,NaN,NaN,NaN,NaN,NaN,NaN
2016,3,9,18.6,6.7,12.7,5.3,0,NaN,NaN,NaN,NaN,NaN,NaN
2016,3,10,15.2,3.4,9.300000000000001,8.699999999999999,0,NaN,NaN,4.7,NaN,NaN,NaN
2016,3,11,8.6,2.4,5.5,12.5,0,NaN,NaN,0,NaN,NaN,NaN
2016,3,12,16.7,0.7,8.699999999999999,9.300000000000001,0,NaN,NaN,0.2,NaN,NaN,NaN
2016,3,13,9.1,3.7,6.4,11.6,0,NaN,NaN,NaN,NaN,NaN,NaN
2016,3,14,9.699999999999999,3.7,6.7,11.3,0,NaN,NaN,NaN,NaN,NaN,NaN
2016,3,15,10.4,6.9,8.699999999999999,9.300000000000001,0,NaN,NaN,8.9,NaN,NaN,NaN
2016,3,16,12.6,4,8.300000000000001,9.699999999999999,0,NaN,NaN,3.2,NaN,NaN,NaN
2016,3,17,11.1,4.4,7.8,10.2,0,NaN,NaN,0.2,NaN,NaN,NaN
2016,3,18,7.1,-1.4,2.9,15.1,0,NaN,NaN,0.2,NaN,NaN,NaN
2016,3,19,1.2,-4.1,-1.5,19.5,0,NaN,NaN,0.2,NaN,NaN,NaN
2016,3,20,2.2,-3,-0.4,18.4,0,NaN,NaN,0,NaN,NaN,NaN
2016,3,21,5,-1.9,1.6,16.4,0,NaN,NaN,0,NaN,NaN,NaN
2016,3,22,5.3,-1.5,1.9,16.1,0,NaN,NaN,NaN,NaN,NaN,NaN
2016,3,23,5,-0.2,2.4,15.6,0,NaN,NaN,NaN,NaN,NaN,NaN
2016,3,24,0.8,-1.5,-0.4,18.4,0,NaN,NaN,11.1,1,NaN,NaN
2016,3,25,2.3,-1,0.7,17.3,0,NaN,NaN,4.1,1,NaN,NaN
2016,3,26,5.9,-1.4,2.3,15.7,0,NaN,NaN,0,NaN,NaN,NaN
2016,3,27,11.8,0.9,6.4,11.6,0,NaN,NaN,0,NaN,NaN,NaN
2016,3,28,10.5,3.2,6.9,11.1,0,NaN,NaN,7.2,NaN,NaN,NaN
2016,3,29,7.6,-0.2,3.7,14.3,0,NaN,NaN,0.2,NaN,NaN,NaN
2016,3,30,10.8,1,5.9,12.1,0,NaN,NaN,0.3,NaN,NaN,NaN
2016,3,31,14.6,8.5,11.6,6.4,0,NaN,NaN,24.7,NaN,NaN,NaN
2016,4,1,12.9,4.4,8.699999999999999,9.300000000000001,0,NaN,NaN,0.2,NaN,NaN,NaN
2016,4,2,6.1,-2.3,1.9,16.1,0,NaN,NaN,1.6,NaN,NaN,NaN
2016,4,3,NaN,NaN,NaN,NaN,NaN,NaN,NaN,NaN,NaN,NaN,NaN
2016,4,4,-0.7,-5.7,-3.2,21.2,0,NaN,NaN,2.6,NaN,NaN,NaN
2016,4,5,0.2,-6.8,-3.3,21.3,0,NaN,NaN,0,NaN,NaN,NaN
2016,4,6,7.1,-1.2,3,15,0,NaN,NaN,7.9,NaN,NaN,NaN
2016,4,7,8.300000000000001,-0.1,4.1,13.9,0,NaN,NaN,0.3,NaN,NaN,NaN
2016,4,8,5,-3,1,17,0,NaN,NaN,0,NaN,NaN,NaN
2016,4,9,0.8,-5.1,-2.2,20.2,0,NaN,NaN,0,NaN,NaN,NaN
2016,4,10,1.4,-5.9,-2.3,20.3,0,NaN,NaN,7.2,NaN,NaN,NaN
2016,4,11,10.3,1.3,5.8,12.2,0,NaN,NaN,3.1,NaN,NaN,NaN
2016,4,12,7.5,0,3.8,14.2,0,NaN,NaN,0.2,NaN,NaN,NaN
2016,4,13,6,-1,2.5,15.5,0,NaN,NaN,0,NaN,NaN,NaN
2016,4,14,NaN,1.5,NaN,NaN,NaN,NaN,NaN,NaN,NaN,NaN,NaN
2016,4,15,12.6,4.6,8.6,9.4,0,NaN,NaN,0,NaN,NaN,NaN
2016,4,16,16.3,7.6,12,6,0,NaN,NaN,0,NaN,NaN,NaN
2016,4,17,20.6,8.9,14.8,3.2,0,NaN,NaN,0,NaN,NaN,NaN
2016,4,18,23.3,9.800000000000001,16.6,1.4,0,NaN,NaN,0,NaN,NaN,NaN
2016,4,19,15.4,7.2,11.3,6.7,0,NaN,NaN,0,NaN,NaN,NaN
2016,4,20,14.5,6.6,10.6,7.4,0,NaN,NaN,0,NaN,NaN,NaN
2016,4,21,14.9,8.4,11.7,6.3,0,NaN,NaN,1.1,NaN,NaN,NaN
2016,4,22,19.5,7,13.3,4.7,0,NaN,NaN,0.6,NaN,NaN,NaN
2016,4,23,NaN,3.3,NaN,NaN,NaN,NaN,NaN,NaN,NaN,NaN,NaN
2016,4,24,10.6,3.7,7.2,10.8,0,NaN,NaN,0,NaN,NaN,NaN
2016,4,25,7.4,4.9,6.2,11.8,0,NaN,NaN,0,NaN,NaN,NaN
2016,4,26,5.9,NaN,NaN,NaN,NaN,NaN,NaN,NaN,NaN,NaN,NaN
2016,4,27,NaN,2.1,NaN,NaN,NaN,NaN,NaN,NaN,NaN,NaN,NaN
2016,4,28,8,2.7,5.4,12.6,0,NaN,NaN,0,NaN,NaN,NaN
2016,4,29,10.1,5.7,7.9,10.1,0,NaN,NaN,0,NaN,NaN,NaN
2016,4,30,14.4,5.2,9.800000000000001,8.199999999999999,0,NaN,NaN,0,NaN,NaN,NaN
2016,5,1,10.7,7,8.9,9.1,0,NaN,NaN,4.2,NaN,NaN,NaN
2016,5,2,12.2,6.6,9.4,8.6,0,NaN,NaN,0.4,NaN,NaN,NaN
2016,5,3,14.5,6,10.3,7.7,0,NaN,NaN,0,NaN,NaN,NaN
2016,5,4,15.2,7,11.1,6.9,0,NaN,NaN,0,NaN,NaN,NaN
2016,5,5,16.9,9.300000000000001,13.1,4.9,0,NaN,NaN,0,NaN,NaN,NaN
2016,5,6,21,9.699999999999999,15.4,2.6,0,NaN,NaN,0,NaN,NaN,NaN
2016,5,7,18.3,8.4,13.4,4.6,0,NaN,NaN,0,NaN,NaN,NaN
2016,5,8,14.3,5,9.699999999999999,8.300000000000001,0,NaN,NaN,1.6,NaN,NaN,NaN
2016,5,9,15.1,4.1,9.6,8.4,0,NaN,NaN,0,NaN,NaN,NaN
2016,5,10,15.8,7.2,11.5,6.5,0,NaN,NaN,0,NaN,NaN,NaN
2016,5,11,17.6,8.699999999999999,13.2,4.8,0,NaN,NaN,0,NaN,NaN,NaN
2016,5,12,21.2,10.8,16,2,0,NaN,NaN,0,NaN,NaN,NaN
2016,5,13,21.1,13.8,17.5,0.5,0,NaN,NaN,6.7,NaN,NaN,NaN
2016,5,14,15.5,3.6,9.6,8.4,0,NaN,NaN,5.5,NaN,NaN,NaN
2016,5,15,9.4,3.1,6.3,11.7,0,NaN,NaN,0.8,NaN,NaN,NaN
2016,5,16,18.5,2.4,10.5,7.5,0,NaN,NaN,2.9,NaN,NaN,NaN
2016,5,17,15.1,6.6,10.9,7.1,0,NaN,NaN,0,NaN,NaN,NaN
2016,5,18,16.1,7.7,11.9,6.1,0,NaN,NaN,0,NaN,NaN,NaN
2016,5,19,19.8,11.3,15.6,2.4,0,NaN,NaN,0,NaN,NaN,NaN
2016,5,20,22.5,9.1,15.8,2.2,0,NaN,NaN,0,NaN,NaN,NaN
2016,5,21,23.7,14.7,19.2,0,1.2,NaN,NaN,0,NaN,NaN,NaN
2016,5,22,23.5,13.6,18.6,0,0.6,NaN,NaN,0,NaN,NaN,NaN
2016,5,23,24.9,13.1,19,0,1,NaN,NaN,0,NaN,NaN,NaN
2016,5,24,28.5,13.7,21.1,0,3.1,NaN,NaN,0,NaN,NaN,NaN
2016,5,25,30.1,16.6,23.4,0,5.4,NaN,NaN,0,NaN,NaN,NaN
2016,5,26,24.7,16.6,20.7,0,2.7,NaN,NaN,2.7,NaN,NaN,NaN
2016,5,27,28.8,18,23.4,0,5.4,NaN,NaN,0,NaN,NaN,NaN
2016,5,28,31.5,18.5,25,0,7,NaN,NaN,0,NaN,NaN,NaN
2016,5,29,30,20.1,25.1,0,7.1,NaN,NaN,0,NaN,NaN,NaN
2016,5,30,28.3,19,23.7,0,5.7,NaN,NaN,0,NaN,NaN,NaN
2016,5,31,27.3,16.3,21.8,0,3.8,NaN,NaN,0,NaN,NaN,NaN
2016,6,1,19.4,13.5,16.5,1.5,0,NaN,NaN,0,NaN,NaN,NaN
2016,6,2,27.3,16.3,21.8,0,3.8,NaN,NaN,0,NaN,NaN,NaN
2016,6,3,26.1,15.2,20.7,0,2.7,NaN,NaN,0,NaN,NaN,NaN
2016,6,4,26.1,16.2,21.2,0,3.2,NaN,NaN,4.6,NaN,NaN,NaN
2016,6,5,22.3,16.2,19.3,0,1.3,NaN,NaN,17.8,NaN,NaN,NaN
2016,6,6,25.9,15,20.5,0,2.5,NaN,NaN,2.2,NaN,NaN,NaN
2016,6,7,20.6,11,15.8,2.2,0,NaN,NaN,0,NaN,NaN,NaN
2016,6,8,14.8,8.199999999999999,11.5,6.5,0,NaN,NaN,0,NaN,NaN,NaN
2016,6,9,20.8,8,14.4,3.6,0,NaN,NaN,0,NaN,NaN,NaN
2016,6,10,22.6,10.1,16.4,1.6,0,NaN,NaN,0,NaN,NaN,NaN
2016,6,11,30.6,13.1,21.9,0,3.9,NaN,NaN,7.8,NaN,NaN,NaN
2016,6,12,19.7,13.8,16.8,1.2,0,NaN,NaN,0,NaN,NaN,NaN
2016,6,13,19.4,11.7,15.6,2.4,0,NaN,NaN,0,NaN,NaN,NaN
2016,6,14,21,10.9,16,2,0,NaN,NaN,0,NaN,NaN,NaN
2016,6,15,24.3,11.9,18.1,0,0.1,NaN,NaN,0.5,NaN,NaN,NaN
2016,6,16,25.6,15.2,20.4,0,2.4,NaN,NaN,0.8,NaN,NaN,NaN
2016,6,17,28.8,15.2,22,0,4,NaN,NaN,0,NaN,NaN,NaN
2016,6,18,30.5,16.8,23.7,0,5.7,NaN,NaN,0,NaN,NaN,NaN
2016,6,19,31.8,18.6,25.2,0,7.2,NaN,NaN,0,NaN,NaN,NaN
2016,6,20,31.7,19.1,25.4,0,7.4,NaN,NaN,0,NaN,NaN,NaN
2016,6,21,26.7,14.9,20.8,0,2.8,NaN,NaN,0,NaN,NaN,NaN
2016,6,22,26,15.9,21,0,3,NaN,NaN,0,NaN,NaN,NaN
2016,6,23,23.9,15,19.5,0,1.5,NaN,NaN,0,NaN,NaN,NaN
2016,6,24,28,15.3,21.7,0,3.7,NaN,NaN,0,NaN,NaN,NaN
2016,6,25,28.5,NaN,NaN,NaN,NaN,NaN,NaN,NaN,NaN,NaN,NaN
2016,6,26,32.5,18.5,25.5,0,7.5,NaN,NaN,2,NaN,NaN,NaN
2016,6,27,33.2,21.1,27.2,0,9.199999999999999,NaN,NaN,0,NaN,NaN,NaN
2016,6,28,24,16.4,20.2,0,2.2,NaN,NaN,0,NaN,NaN,NaN
2016,6,29,26.7,15.5,21.1,0,3.1,NaN,NaN,0,NaN,NaN,NaN
2016,6,30,27.6,13.5,20.6,0,2.6,NaN,NaN,0,NaN,NaN,NaN
2016,7,1,22.8,14.6,18.7,0,0.7,NaN,NaN,3.8,NaN,NaN,NaN
2016,7,2,26.6,13.2,19.9,0,1.9,NaN,NaN,0,NaN,NaN,NaN
2016,7,3,28.9,15.1,22,0,4,NaN,NaN,0,NaN,NaN,NaN
2016,7,4,29.7,16,22.9,0,4.9,NaN,NaN,0,NaN,NaN,NaN
2016,7,5,30.7,19.9,25.3,0,7.3,NaN,NaN,0,NaN,NaN,NaN
2016,7,6,32.2,20.1,26.2,0,8.199999999999999,NaN,NaN,0,NaN,NaN,NaN
2016,7,7,30.5,21.5,26,0,8,NaN,NaN,4.8,NaN,NaN,NaN
2016,7,8,28.7,20.8,24.8,0,6.8,NaN,NaN,0.8,NaN,NaN,NaN
2016,7,9,27.5,19.4,23.5,0,5.5,NaN,NaN,1.9,NaN,NaN,NaN
2016,7,10,28.9,17.4,23.2,0,5.2,NaN,NaN,0,NaN,NaN,NaN
2016,7,11,26.4,19.1,22.8,0,4.8,NaN,NaN,0,NaN,NaN,NaN
2016,7,12,31.2,20.6,25.9,0,7.9,NaN,NaN,0,NaN,NaN,NaN
2016,7,13,32.7,21,26.9,0,8.9,NaN,NaN,5.1,NaN,NaN,NaN
2016,7,14,28.3,19.8,24.1,0,6.1,NaN,NaN,5,NaN,NaN,NaN
2016,7,15,27.8,16.9,22.4,0,4.4,NaN,NaN,0,NaN,NaN,NaN
2016,7,16,21.9,15.3,18.6,0,0.6,NaN,NaN,0,NaN,NaN,NaN
2016,7,17,27,15.3,21.2,0,3.2,NaN,NaN,0,NaN,NaN,NaN
2016,7,18,31.2,18.7,25,0,7,NaN,NaN,0,NaN,NaN,NaN
2016,7,19,27,15.7,21.4,0,3.4,NaN,NaN,0,NaN,NaN,NaN
2016,7,20,27.6,14.5,21.1,0,3.1,NaN,NaN,0,NaN,NaN,NaN
2016,7,21,31.6,18.7,25.2,0,7.2,NaN,NaN,0,NaN,NaN,NaN
2016,7,22,35.5,21.5,28.5,0,10.5,NaN,NaN,0,NaN,NaN,NaN
2016,7,23,33.7,22,27.9,0,9.9,NaN,NaN,0,NaN,NaN,NaN
2016,7,24,26.1,22.2,24.2,0,6.2,NaN,NaN,0,NaN,NaN,NaN
2016,7,25,32,21.2,26.6,0,8.6,NaN,NaN,16.4,NaN,NaN,NaN
2016,7,26,29,18.6,23.8,0,5.8,NaN,NaN,0,NaN,NaN,NaN
2016,7,27,33.9,19.6,26.8,0,8.800000000000001,NaN,NaN,4.4,NaN,NaN,NaN
2016,7,28,29.3,21.4,25.4,0,7.4,NaN,NaN,0,NaN,NaN,NaN
2016,7,29,27.2,19,23.1,0,5.1,NaN,NaN,4.9,NaN,NaN,NaN
2016,7,30,26,19.2,22.6,0,4.6,NaN,NaN,0,NaN,NaN,NaN
2016,7,31,24.1,19.4,21.8,0,3.8,NaN,NaN,4,NaN,NaN,NaN
2016,8,1,27.6,20,23.8,0,5.8,NaN,NaN,0,NaN,NaN,NaN
2016,8,2,28.4,19.2,23.8,0,5.8,NaN,NaN,0,NaN,NaN,NaN
2016,8,3,29.2,19.5,24.4,0,6.4,NaN,NaN,0,NaN,NaN,NaN
2016,8,4,32.2,20.5,26.4,0,8.4,NaN,NaN,0,NaN,NaN,NaN
2016,8,5,31.3,23.4,27.4,0,9.4,NaN,NaN,0,NaN,NaN,NaN
2016,8,6,30.2,19.4,24.8,0,6.8,NaN,NaN,0,NaN,NaN,NaN
2016,8,7,28.8,18.6,23.7,0,5.7,NaN,NaN,0,NaN,NaN,NaN
2016,8,8,28.7,18.5,23.6,0,5.6,NaN,NaN,0,NaN,NaN,NaN
2016,8,9,31.5,19,25.3,0,7.3,NaN,NaN,0,NaN,NaN,NaN
2016,8,10,33.9,22.5,28.2,0,10.2,NaN,NaN,0,NaN,NaN,NaN
2016,8,11,32.8,22.6,27.7,0,9.699999999999999,NaN,NaN,0,NaN,NaN,NaN
2016,8,12,NaN,25,NaN,NaN,NaN,NaN,NaN,NaN,NaN,NaN,NaN
2016,8,13,29.5,22.5,26,0,8,NaN,NaN,19.2,NaN,NaN,NaN
2016,8,14,28.8,20.4,24.6,0,6.6,NaN,NaN,0,NaN,NaN,NaN
2016,8,15,25.8,18.5,22.2,0,4.2,NaN,NaN,1.2,NaN,NaN,NaN
2016,8,16,28.5,19.2,23.9,0,5.9,NaN,NaN,16.2,NaN,NaN,NaN
2016,8,17,26.6,NaN,NaN,NaN,NaN,NaN,NaN,NaN,NaN,NaN,NaN
2016,8,18,27.7,20.2,24,0,6,NaN,NaN,0,NaN,NaN,NaN
2016,8,19,29.8,20.3,25.1,0,7.1,NaN,NaN,0,NaN,NaN,NaN
2016,8,20,31.2,20.9,26.1,0,8.1,NaN,NaN,2.4,NaN,NaN,NaN
2016,8,21,27.2,17.3,22.3,0,4.3,NaN,NaN,2,NaN,NaN,NaN
2016,8,22,24.5,14.1,19.3,0,1.3,NaN,NaN,0,NaN,NaN,NaN
2016,8,23,27.7,15.8,21.8,0,3.8,NaN,NaN,0,NaN,NaN,NaN
2016,8,24,29.1,17.6,23.4,0,5.4,NaN,NaN,0,NaN,NaN,NaN
2016,8,25,31.2,21.2,26.2,0,8.199999999999999,NaN,NaN,12.4,NaN,NaN,NaN
2016,8,26,29.9,19.7,24.8,0,6.8,NaN,NaN,0,NaN,NaN,NaN
2016,8,27,26.6,18.1,22.4,0,4.4,NaN,NaN,0,NaN,NaN,NaN
2016,8,28,30.7,20.7,25.7,0,7.7,NaN,NaN,0,NaN,NaN,NaN
2016,8,29,26.5,17.9,22.2,0,4.2,NaN,NaN,0,NaN,NaN,NaN
2016,8,30,28.8,18,23.4,0,5.4,NaN,NaN,0,NaN,NaN,NaN
2016,8,31,28.4,18.1,23.3,0,5.3,NaN,NaN,0.3,NaN,NaN,NaN
2016,9,1,24,16,20,0,2,NaN,NaN,0,NaN,NaN,NaN
2016,9,2,23.7,14.3,19,0,1,NaN,NaN,0,NaN,NaN,NaN
2016,9,3,23.3,15.1,19.2,0,1.2,NaN,NaN,0,NaN,NaN,NaN
2016,9,4,23.8,14.3,19.1,0,1.1,NaN,NaN,0,NaN,NaN,NaN
2016,9,5,29.1,16.1,22.6,0,4.6,NaN,NaN,0,NaN,NaN,NaN
2016,9,6,30.7,19.5,25.1,0,7.1,NaN,NaN,0,NaN,NaN,NaN
2016,9,7,34.1,21.1,27.6,0,9.6,NaN,NaN,29.3,NaN,NaN,NaN
2016,9,8,30.3,22.4,26.4,0,8.4,NaN,NaN,4.3,NaN,NaN,NaN
2016,9,9,28.1,20.4,24.3,0,6.3,NaN,NaN,0,NaN,NaN,NaN
2016,9,10,28.8,19.1,24,0,6,NaN,NaN,4.6,NaN,NaN,NaN
2016,9,11,23.3,14.3,18.8,0,0.8,NaN,NaN,0,NaN,NaN,NaN
2016,9,12,23.8,13.1,18.5,0,0.5,NaN,NaN,0,NaN,NaN,NaN
2016,9,13,27.4,15.4,21.4,0,3.4,NaN,NaN,0,NaN,NaN,NaN
2016,9,14,23.1,14.6,18.9,0,0.9,NaN,NaN,0,NaN,NaN,NaN
2016,9,15,19.8,11.8,15.8,2.2,0,NaN,NaN,0,NaN,NaN,NaN
2016,9,16,22.7,13.4,18.1,0,0.1,NaN,NaN,0,NaN,NaN,NaN
2016,9,17,22.5,19.3,20.9,0,2.9,NaN,NaN,10.9,NaN,NaN,NaN
2016,9,18,25.3,17.8,21.6,0,3.6,NaN,NaN,0,NaN,NaN,NaN
2016,9,19,25.7,16.5,21.1,0,3.1,NaN,NaN,0,NaN,NaN,NaN
2016,9,20,28,16.9,22.5,0,4.5,NaN,NaN,0,NaN,NaN,NaN
2016,9,21,26.6,14.7,20.7,0,2.7,NaN,NaN,0,NaN,NaN,NaN
2016,9,22,NaN,16.9,NaN,NaN,NaN,NaN,NaN,NaN,NaN,NaN,NaN
2016,9,23,23.2,12.3,17.8,0.2,0,NaN,NaN,0.2,NaN,NaN,NaN
2016,9,24,18.7,9.699999999999999,14.2,3.8,0,NaN,NaN,0,NaN,NaN,NaN
2016,9,25,17,10,13.5,4.5,0,NaN,NaN,0,NaN,NaN,NaN
2016,9,26,18.2,13.6,15.9,2.1,0,NaN,NaN,10.1,NaN,NaN,NaN
2016,9,27,21.2,10.7,16,2,0,NaN,NaN,0,NaN,NaN,NaN
2016,9,28,22.4,14.6,18.5,0,0.5,NaN,NaN,0,NaN,NaN,NaN
2016,9,29,18.2,14.2,16.2,1.8,0,NaN,NaN,4.1,NaN,NaN,NaN
2016,9,30,19.1,13.9,16.5,1.5,0,NaN,NaN,0,NaN,NaN,NaN
2016,10,1,16.5,13.4,15,3,0,NaN,NaN,0.2,NaN,NaN,NaN
2016,10,2,19.8,14.9,17.4,0.6,0,NaN,NaN,2.8,NaN,NaN,NaN
2016,10,3,18.3,13.8,16.1,1.9,0,NaN,NaN,0,NaN,NaN,NaN
2016,10,4,19.6,16,17.8,0.2,0,NaN,NaN,0,NaN,NaN,NaN
2016,10,5,20.2,14.8,17.5,0.5,0,NaN,NaN,0,NaN,NaN,NaN
2016,10,6,22.8,16.7,19.8,0,1.8,NaN,NaN,0,NaN,NaN,NaN
2016,10,7,22.4,15.5,19,0,1,NaN,NaN,0,NaN,NaN,NaN
2016,10,8,19.6,9,14.3,3.7,0,NaN,NaN,2.7,NaN,NaN,NaN
2016,10,9,13.4,6.3,9.9,8.1,0,NaN,NaN,0,NaN,NaN,NaN
2016,10,10,12.6,3.9,8.300000000000001,9.699999999999999,0,NaN,NaN,0,NaN,NaN,NaN
2016,10,11,17.5,5.9,11.7,6.3,0,NaN,NaN,0,NaN,NaN,NaN
2016,10,12,21.8,12.3,17.1,0.9,0,NaN,NaN,0,NaN,NaN,NaN
2016,10,13,19.8,6.3,13.1,4.9,0,NaN,NaN,0,NaN,NaN,NaN
2016,10,14,14.7,5.8,10.3,7.7,0,NaN,NaN,0,NaN,NaN,NaN
2016,10,15,18.8,10.3,14.6,3.4,0,NaN,NaN,0,NaN,NaN,NaN
2016,10,16,21.5,17.5,19.5,0,1.5,NaN,NaN,1.4,NaN,NaN,NaN
2016,10,17,20.1,15.6,17.9,0.1,0,NaN,NaN,0.9,NaN,NaN,NaN
2016,10,18,24.9,13.2,19.1,0,1.1,NaN,NaN,0,NaN,NaN,NaN
2016,10,19,19.7,11.4,15.6,2.4,0,NaN,NaN,0,NaN,NaN,NaN
2016,10,20,16.3,11.3,13.8,4.2,0,NaN,NaN,6,NaN,NaN,NaN
2016,10,21,11.7,6,8.9,9.1,0,NaN,NaN,5.2,NaN,NaN,NaN
2016,10,22,8.800000000000001,4.2,6.5,11.5,0,NaN,NaN,0,NaN,NaN,NaN
2016,10,23,13.9,4.7,9.300000000000001,8.699999999999999,0,NaN,NaN,0,NaN,NaN,NaN
2016,10,24,10.6,5.9,8.300000000000001,9.699999999999999,0,NaN,NaN,0,NaN,NaN,NaN
2016,10,25,8.5,4,6.3,11.7,0,NaN,NaN,0,NaN,NaN,NaN
2016,10,26,6.2,0.9,3.6,14.4,0,NaN,NaN,0,NaN,NaN,NaN
2016,10,27,6.6,1,3.8,14.2,0,NaN,NaN,9.6,NaN,NaN,NaN
2016,10,28,10.7,1.1,5.9,12.1,0,NaN,NaN,0,NaN,NaN,NaN
2016,10,29,19.8,10.7,15.3,2.7,0,NaN,NaN,0,NaN,NaN,NaN
2016,10,30,12,2.8,7.4,10.6,0,NaN,NaN,0.6,NaN,NaN,NaN
2016,10,31,9.5,2,5.8,12.2,0,NaN,NaN,0,NaN,NaN,NaN
2016,11,1,17.9,7,12.5,5.5,0,NaN,NaN,0,NaN,NaN,NaN
2016,11,2,19.4,12.5,16,2,0,NaN,NaN,4.2,NaN,NaN,NaN
2016,11,3,14.4,7.1,10.8,7.2,0,NaN,NaN,21,NaN,NaN,NaN
2016,11,4,12.1,4.3,8.199999999999999,9.800000000000001,0,NaN,NaN,0,NaN,NaN,NaN
2016,11,5,16.1,7.3,11.7,6.3,0,NaN,NaN,0,NaN,NaN,NaN
2016,11,6,12.4,6.3,9.4,8.6,0,NaN,NaN,0,NaN,NaN,NaN
2016,11,7,15.6,5.3,10.5,7.5,0,NaN,NaN,0,NaN,NaN,NaN
2016,11,8,15.8,6.5,11.2,6.8,0,NaN,NaN,0.8,NaN,NaN,NaN
2016,11,9,NaN,7,NaN,NaN,NaN,NaN,NaN,NaN,NaN,NaN,NaN
2016,11,10,16.5,1.9,9.199999999999999,8.800000000000001,0,NaN,NaN,0,NaN,NaN,NaN
2016,11,11,13,0.6,6.8,11.2,0,NaN,NaN,0,NaN,NaN,NaN
2016,11,12,10.1,-0.7,4.7,13.3,0,NaN,NaN,0,NaN,NaN,NaN
2016,11,13,12.5,3.1,7.8,10.2,0,NaN,NaN,0,NaN,NaN,NaN
2016,11,14,12.8,5.2,9,9,0,NaN,NaN,0,NaN,NaN,NaN
2016,11,15,12.8,5,8.9,9.1,0,NaN,NaN,0,NaN,NaN,NaN
2016,11,16,13.8,6.5,10.2,7.8,0,NaN,NaN,0,NaN,NaN,NaN
2016,11,17,11.5,4.7,8.1,9.9,0,NaN,NaN,0,NaN,NaN,NaN
2016,11,18,17.6,7.3,12.5,5.5,0,NaN,NaN,0,NaN,NaN,NaN
2016,11,19,15.2,1.2,8.199999999999999,9.800000000000001,0,NaN,NaN,3.3,NaN,NaN,NaN
2016,11,20,2.7,-2.6,0.1,17.9,0,NaN,NaN,2.6,NaN,NaN,NaN
2016,11,21,1.4,-2.5,-0.6,18.6,0,NaN,NaN,0,NaN,NaN,NaN
2016,11,22,2.9,-2,0.5,17.5,0,NaN,NaN,0,NaN,NaN,NaN
2016,11,23,2.3,-2,0.2,17.8,0,NaN,NaN,2.1,NaN,NaN,NaN
2016,11,24,4.4,2.3,3.4,14.6,0,NaN,NaN,2.2,NaN,NaN,NaN
2016,11,25,7.9,3.7,5.8,12.2,0,NaN,NaN,1.4,NaN,NaN,NaN
2016,11,26,7.3,3.2,5.3,12.7,0,NaN,NaN,4.7,NaN,NaN,NaN
2016,11,27,8.300000000000001,3.5,5.9,12.1,0,NaN,NaN,0,NaN,NaN,NaN
2016,11,28,8.1,4.8,6.5,11.5,0,NaN,NaN,0.5,NaN,NaN,NaN
2016,11,29,13.2,6.4,9.800000000000001,8.199999999999999,0,NaN,NaN,2.3,NaN,NaN,NaN
2016,11,30,12.5,8,10.3,7.7,0,NaN,NaN,6,NaN,NaN,NaN
2016,12,1,8.4,4.8,6.6,11.4,0,NaN,NaN,0,NaN,NaN,NaN
2016,12,2,6.7,2.7,4.7,13.3,0,NaN,NaN,0,NaN,NaN,NaN
2016,12,3,6.7,1.3,4,14,0,NaN,NaN,0,NaN,NaN,NaN
2016,12,4,3.9,0.7,2.3,15.7,0,NaN,NaN,2.1,NaN,NaN,NaN
2016,12,5,6.3,1.5,3.9,14.1,0,NaN,NaN,4.6,NaN,NaN,NaN
2016,12,6,6,1.9,4,14,0,NaN,NaN,5.2,NaN,NaN,NaN
2016,12,7,3.9,0.3,2.1,15.9,0,NaN,NaN,0,NaN,NaN,NaN
2016,12,8,1,-2.4,-0.7,18.7,0,NaN,NaN,0.6,NaN,NaN,NaN
2016,12,9,-0.2,-6.5,-3.4,21.4,0,NaN,NaN,0,NaN,NaN,NaN
2016,12,10,-0.7,-6.4,-3.6,21.6,0,NaN,NaN,0,NaN,NaN,NaN
2016,12,11,0.6,-4.7,-2.1,20.1,0,NaN,NaN,12.7,NaN,NaN,NaN
2016,12,12,3.3,-0.7,1.3,16.7,0,NaN,NaN,4.6,11,NaN,NaN
2016,12,13,-0.1,-5.2,-2.7,20.7,0,NaN,NaN,0,8,NaN,NaN
2016,12,14,-4.1,-9.199999999999999,-6.7,24.7,0,NaN,NaN,0,8,NaN,NaN
2016,12,15,-6.7,-11.7,-9.199999999999999,27.2,0,NaN,NaN,3.6,7,NaN,NaN
2016,12,16,-4.7,-9.4,-7.1,25.1,0,NaN,NaN,3.8,11,NaN,NaN
2016,12,17,0.5,-5.7,-2.6,20.6,0,NaN,NaN,8.699999999999999,22,NaN,NaN
2016,12,18,-0.1,-10.4,-5.3,23.3,0,NaN,NaN,1.9,19,NaN,NaN
2016,12,19,-6.3,-9.1,-7.7,25.7,0,NaN,NaN,0,18,NaN,NaN
2016,12,20,1.2,-7.3,-3.1,21.1,0,NaN,NaN,0,17,NaN,NaN
2016,12,21,1.3,-4.6,-1.7,19.7,0,NaN,NaN,1.4,17,NaN,NaN
2016,12,22,4.1,0.8,2.5,15.5,0,NaN,NaN,0.2,18,NaN,NaN
2016,12,23,3.7,-1.1,1.3,16.7,0,NaN,NaN,0,16,NaN,NaN
2016,12,24,4.7,1.7,3.2,14.8,0,NaN,NaN,3.9,15,NaN,NaN
2016,12,25,3.8,-2.2,0.8,17.2,0,NaN,NaN,0,11,NaN,NaN
2016,12,26,10.1,-2,4.1,13.9,0,NaN,NaN,13.9,7,NaN,NaN
2016,12,27,8.5,-2,3.3,14.7,0,NaN,NaN,0.5,3,NaN,NaN
2016,12,28,1.5,-2.4,-0.5,18.5,0,NaN,NaN,0,3,NaN,NaN
2016,12,29,2.8,-0.1,1.4,16.6,0,NaN,NaN,9,4,NaN,NaN
2016,12,30,0.9,-2.3,-0.7,18.7,0,NaN,NaN,0.7,5,NaN,NaN
2016,12,31,NaN,-2.3,NaN,NaN,NaN,NaN,NaN,NaN,4,NaN,NaN
2017,1,1,3.1,-0.5,1.3,16.7,0,NaN,NaN,0,3,NaN,NaN
2017,1,2,5.5,0.7,3.1,14.9,0,NaN,NaN,0,3,NaN,NaN
2017,1,3,4.8,2.4,3.6,14.4,0,NaN,NaN,11.3,1,NaN,NaN
2017,1,4,3.8,-7.6,-1.9,19.9,0,NaN,NaN,0.6,NaN,NaN,NaN
2017,1,5,-5.3,-10.3,-7.8,25.8,0,NaN,NaN,0,NaN,NaN,NaN
2017,1,6,-5.9,-11.8,-8.9,26.9,0,NaN,NaN,0,NaN,NaN,NaN
2017,1,7,-6.4,-11.8,-9.1,27.1,0,NaN,NaN,0,NaN,NaN,NaN
2017,1,8,-8.199999999999999,-11.1,-9.699999999999999,27.7,0,NaN,NaN,0,NaN,NaN,NaN
2017,1,9,-1.2,-8.5,-4.9,22.9,0,NaN,NaN,0,NaN,NaN,NaN
2017,1,10,7.1,-1.7,2.7,15.3,0,NaN,NaN,18.3,NaN,NaN,NaN
2017,1,11,8.199999999999999,1.9,5.1,12.9,0,NaN,NaN,4.3,NaN,NaN,NaN
2017,1,12,9.800000000000001,-1,4.4,13.6,0,NaN,NaN,15.6,NaN,NaN,NaN
2017,1,13,-0.6,-7.8,-4.2,22.2,0,NaN,NaN,0,NaN,NaN,NaN
2017,1,14,-2.1,-8.5,-5.3,23.3,0,NaN,NaN,0,NaN,NaN,NaN
2017,1,15,0.5,-4.4,-2,20,0,NaN,NaN,0,NaN,NaN,NaN
2017,1,16,3.7,-4,-0.2,18.2,0,NaN,NaN,0,NaN,NaN,NaN
2017,1,17,2.6,1.2,1.9,16.1,0,NaN,NaN,13.5,NaN,NaN,NaN
2017,1,18,4.5,1.8,3.2,14.8,0,NaN,NaN,0.4,NaN,NaN,NaN
2017,1,19,4.2,2,3.1,14.9,0,NaN,NaN,0,0,NaN,NaN
2017,1,20,4.2,1.9,3.1,14.9,0,NaN,NaN,0,NaN,NaN,NaN
2017,1,21,6.7,3.5,5.1,12.9,0,NaN,NaN,0,NaN,NaN,NaN
2017,1,22,5.9,2.5,4.2,13.8,0,NaN,NaN,0,NaN,NaN,NaN
2017,1,23,4.4,1.2,2.8,15.2,0,NaN,NaN,0,NaN,NaN,NaN
2017,1,24,1.9,0.3,1.1,16.9,0,NaN,NaN,0.5,NaN,NaN,NaN
2017,1,25,5.5,1.3,3.4,14.6,0,NaN,NaN,2.6,NaN,NaN,NaN
2017,1,26,4.8,1.5,3.2,14.8,0,NaN,NaN,2.2,NaN,NaN,NaN
2017,1,27,2.1,-0.3,0.9,17.1,0,NaN,NaN,0.3,NaN,NaN,NaN
2017,1,28,-0.2,-1.5,-0.9,18.9,0,NaN,NaN,0.7,NaN,NaN,NaN
2017,1,29,-1,-5.9,-3.5,21.5,0,NaN,NaN,0,NaN,NaN,NaN
2017,1,30,-4,-10.1,-7.1,25.1,0,NaN,NaN,0,NaN,NaN,NaN
2017,1,31,-1.6,-4.7,-3.2,21.2,0,NaN,NaN,2.2,0,NaN,NaN
2017,2,1,3.6,-3.4,0.1,17.9,0,NaN,NaN,0,3,NaN,NaN
2017,2,2,-1.6,-5.7,-3.7,21.7,0,NaN,NaN,0.2,NaN,NaN,NaN
2017,2,3,-3.3,-8,-5.7,23.7,0,NaN,NaN,0,0,NaN,NaN
2017,2,4,-0.3,-7.3,-3.8,21.8,0,NaN,NaN,0,0,NaN,NaN
2017,2,5,1.4,-2.5,-0.6,18.6,0,NaN,NaN,0.6,1,NaN,NaN
2017,2,6,2,-3.7,-0.9,18.9,0,NaN,NaN,0,1,NaN,NaN
2017,2,7,4.8,-1.2,1.8,16.2,0,NaN,NaN,14.9,NaN,NaN,NaN
2017,2,8,4.4,-7.1,-1.4,19.4,0,NaN,NaN,0,0,NaN,NaN
2017,2,9,-3.9,-11.1,-7.5,25.5,0,NaN,NaN,0.2,1,NaN,NaN
2017,2,10,-0.2,-6.7,-3.5,21.5,0,NaN,NaN,5,0,NaN,NaN
2017,2,11,5,-1.6,1.7,16.3,0,NaN,NaN,0,7,NaN,NaN
2017,2,12,2,-3.7,-0.9,18.9,0,NaN,NaN,14.8,4,NaN,NaN
2017,2,13,-0.7,-3.6,-2.2,20.2,0,NaN,NaN,0,17,NaN,NaN
2017,2,14,5.6,-3.6,1,17,0,NaN,NaN,0,15,NaN,NaN
2017,2,15,3,-5.1,-1.1,19.1,0,NaN,NaN,0,9,NaN,NaN
2017,2,16,-2.4,-9.199999999999999,-5.8,23.8,0,NaN,NaN,0,8,NaN,NaN
2017,2,17,1.5,-6.3,-2.4,20.4,0,NaN,NaN,0,8,NaN,NaN
2017,2,18,13.8,-0.2,6.8,11.2,0,NaN,NaN,0,8,NaN,NaN
2017,2,19,13.3,3.5,8.4,9.6,0,NaN,NaN,0,2,NaN,NaN
2017,2,20,4.4,0.5,2.5,15.5,0,NaN,NaN,0,0,NaN,NaN
2017,2,21,7.7,1.7,4.7,13.3,0,NaN,NaN,2.1,NaN,NaN,NaN
2017,2,22,9.9,4.8,7.4,10.6,0,NaN,NaN,0,NaN,NaN,NaN
2017,2,23,19.1,5.1,12.1,5.9,0,NaN,NaN,0,NaN,NaN,NaN
2017,2,24,5.4,3,4.2,13.8,0,NaN,NaN,2,NaN,NaN,NaN
2017,2,25,8.800000000000001,-1.5,3.7,14.3,0,NaN,NaN,7.5,NaN,NaN,NaN
2017,2,26,3.5,-2.8,0.4,17.6,0,NaN,NaN,0,NaN,NaN,NaN
2017,2,27,9.9,2.5,6.2,11.8,0,NaN,NaN,0,NaN,NaN,NaN
2017,2,28,10.9,2.9,6.9,11.1,0,NaN,NaN,1.8,0,NaN,NaN
2017,3,1,13.1,-1.9,5.6,12.4,0,NaN,NaN,18.4,NaN,NaN,NaN
2017,3,2,-1.3,-6.4,-3.9,21.9,0,NaN,NaN,0.2,0,NaN,NaN
2017,3,3,-4.3,-8.1,-6.2,24.2,0,NaN,NaN,0,0,NaN,NaN
2017,3,4,-6.5,-11.9,-9.199999999999999,27.2,0,NaN,NaN,0.2,0,NaN,NaN
2017,3,5,-0.4,-10.6,-5.5,23.5,0,NaN,NaN,0,0,NaN,NaN
2017,3,6,4.9,NaN,NaN,NaN,NaN,NaN,NaN,NaN,NaN,NaN,NaN
2017,3,7,10.9,6.4,8.699999999999999,9.300000000000001,0,NaN,NaN,9.6,NaN,NaN,NaN
2017,3,8,11.1,2.4,6.8,11.2,0,NaN,NaN,0,NaN,NaN,NaN
2017,3,9,4.4,-1.1,1.7,16.3,0,NaN,NaN,0,NaN,NaN,NaN
2017,3,10,-0.3,-9.4,-4.9,22.9,0,NaN,NaN,0,NaN,NaN,NaN
2017,3,11,-5.3,-12.5,-8.9,26.9,0,NaN,NaN,0.2,0,NaN,NaN
2017,3,12,-3.8,-12.5,-8.199999999999999,26.2,0,NaN,NaN,0,0,NaN,NaN
2017,3,13,-5.5,-10.2,-7.9,25.9,0,NaN,NaN,1,0,NaN,NaN
2017,3,14,-7,-10.2,-8.6,26.6,0,NaN,NaN,2.7,3,NaN,NaN
2017,3,15,-2.9,-9.4,-6.2,24.2,0,NaN,NaN,0.2,2,NaN,NaN
2017,3,16,3,-6.8,-1.9,19.9,0,NaN,NaN,0,0,NaN,NaN
2017,3,17,5.3,-3.8,0.8,17.2,0,NaN,NaN,0,0,NaN,NaN
2017,3,18,3.1,0.1,1.6,16.4,0,NaN,NaN,1.5,NaN,NaN,NaN
2017,3,19,6.4,0.3,3.4,14.6,0,NaN,NaN,0,NaN,NaN,NaN
2017,3,20,5.3,0.8,3.1,14.9,0,NaN,NaN,0,NaN,NaN,NaN
2017,3,21,13.5,-2.7,5.4,12.6,0,NaN,NaN,0,NaN,NaN,NaN
2017,3,22,-1.6,-8.300000000000001,-5,23,0,NaN,NaN,0,NaN,NaN,NaN
2017,3,23,2.2,-6.9,-2.4,20.4,0,NaN,NaN,0,NaN,NaN,NaN
2017,3,24,12.4,1.3,6.9,11.1,0,NaN,NaN,6.7,0,NaN,NaN
2017,3,25,4.5,1.7,3.1,14.9,0,NaN,NaN,7.1,NaN,NaN,NaN
2017,3,26,6.6,1.1,3.9,14.1,0,NaN,NaN,2.4,NaN,NaN,NaN
2017,3,27,14.7,6.4,10.6,7.4,0,NaN,NaN,1.5,NaN,NaN,NaN
2017,3,28,10.8,4.1,7.5,10.5,0,NaN,NaN,0,NaN,NaN,NaN
2017,3,29,9.1,3.7,6.4,11.6,0,NaN,NaN,0,NaN,NaN,NaN
2017,3,30,3.8,0.7,2.3,15.7,0,NaN,NaN,10.6,NaN,NaN,NaN
2017,3,31,4.1,1.8,3,15,0,NaN,NaN,10.1,NaN,NaN,NaN
2017,4,1,11.3,2.2,6.8,11.2,0,NaN,NaN,0,NaN,NaN,NaN
2017,4,2,16.7,3.8,10.3,7.7,0,NaN,NaN,0,NaN,NaN,NaN
2017,4,3,10.8,5.3,8.1,9.9,0,NaN,NaN,6.3,NaN,NaN,NaN
2017,4,4,10.4,5,7.7,10.3,0,NaN,NaN,11.3,NaN,NaN,NaN
2017,4,5,9.199999999999999,5,7.1,10.9,0,NaN,NaN,0.2,NaN,NaN,NaN
2017,4,6,7.5,1.4,4.5,13.5,0,NaN,NaN,26.9,NaN,NaN,NaN
2017,4,7,5.2,0.1,2.7,15.3,0,NaN,NaN,1.2,NaN,NaN,NaN
2017,4,8,12.2,0.8,6.5,11.5,0,NaN,NaN,0.2,NaN,NaN,NaN
2017,4,9,18,4.8,11.4,6.6,0,NaN,NaN,0,NaN,NaN,NaN
2017,4,10,22,11.8,16.9,1.1,0,NaN,NaN,1.4,NaN,NaN,NaN
2017,4,11,NaN,11.3,NaN,NaN,NaN,NaN,NaN,NaN,NaN,NaN,NaN
2017,4,12,9.5,3.4,6.5,11.5,0,NaN,NaN,0,NaN,NaN,NaN
2017,4,13,12.1,2.4,7.3,10.7,0,NaN,NaN,0,NaN,NaN,NaN
2017,4,14,14.9,6.3,10.6,7.4,0,NaN,NaN,0,NaN,NaN,NaN
2017,4,15,16.4,5.5,11,7,0,NaN,NaN,3.7,NaN,NaN,NaN
2017,4,16,22.3,10.9,16.6,1.4,0,NaN,NaN,0,NaN,NaN,NaN
2017,4,17,13.5,2.5,8,10,0,NaN,NaN,0,NaN,NaN,NaN
2017,4,18,8.300000000000001,1.8,5.1,12.9,0,NaN,NaN,0,NaN,NaN,NaN
2017,4,19,19.8,5.4,12.6,5.4,0,NaN,NaN,1.2,NaN,NaN,NaN
2017,4,20,10,4.6,7.3,10.7,0,NaN,NaN,23.3,NaN,NaN,NaN
2017,4,21,14,6,10,8,0,NaN,NaN,0,NaN,NaN,NaN
2017,4,22,13.8,5.2,9.5,8.5,0,NaN,NaN,0,NaN,NaN,NaN
2017,4,23,18.4,4.8,11.6,6.4,0,NaN,NaN,0,NaN,NaN,NaN
2017,4,24,11,6.9,9,9,0,NaN,NaN,0,NaN,NaN,NaN
2017,4,25,10.9,5.1,8,10,0,NaN,NaN,4.2,NaN,NaN,NaN
2017,4,26,15.2,9.4,12.3,5.7,0,NaN,NaN,0,NaN,NaN,NaN
2017,4,27,25.4,10.4,17.9,0.1,0,NaN,NaN,8.800000000000001,NaN,NaN,NaN
2017,4,28,17.7,10.4,14.1,3.9,0,NaN,NaN,0,NaN,NaN,NaN
2017,4,29,15.3,7.3,11.3,6.7,0,NaN,NaN,0,NaN,NaN,NaN
2017,4,30,8.6,3.6,6.1,11.9,0,NaN,NaN,18,NaN,NaN,NaN
2017,5,1,14.1,5,9.6,8.4,0,NaN,NaN,23.3,NaN,NaN,NaN
2017,5,2,10.8,7,8.9,9.1,0,NaN,NaN,0.7,NaN,NaN,NaN
2017,5,3,15.7,5,10.4,7.6,0,NaN,NaN,0,NaN,NaN,NaN
2017,5,4,10.4,6.1,8.300000000000001,9.699999999999999,0,NaN,NaN,21.9,NaN,NaN,NaN
2017,5,5,9.9,6.7,8.300000000000001,9.699999999999999,0,NaN,NaN,29.9,NaN,NaN,NaN
2017,5,6,9,5.6,7.3,10.7,0,NaN,NaN,0.7,NaN,NaN,NaN
2017,5,7,12.1,4.1,8.1,9.9,0,NaN,NaN,0,NaN,NaN,NaN
2017,5,8,12.8,3,7.9,10.1,0,NaN,NaN,0,NaN,NaN,NaN
2017,5,9,11.1,5.3,8.199999999999999,9.800000000000001,0,NaN,NaN,0,NaN,NaN,NaN
2017,5,10,10.5,5,7.8,10.2,0,NaN,NaN,0,NaN,NaN,NaN
2017,5,11,13.7,7.3,10.5,7.5,0,NaN,NaN,0,NaN,NaN,NaN
2017,5,12,13.7,7.6,10.7,7.3,0,NaN,NaN,0,NaN,NaN,NaN
2017,5,13,16.8,9.4,13.1,4.9,0,NaN,NaN,0.6,NaN,NaN,NaN
2017,5,14,18.4,7.4,12.9,5.1,0,NaN,NaN,0,NaN,NaN,NaN
2017,5,15,19.6,8.1,13.9,4.1,0,NaN,NaN,0,NaN,NaN,NaN
2017,5,16,16.3,10.5,13.4,4.6,0,NaN,NaN,0,NaN,NaN,NaN
2017,5,17,29.9,10.6,20.3,0,2.3,NaN,NaN,0,NaN,NaN,NaN
2017,5,18,NaN,18.4,NaN,NaN,NaN,NaN,NaN,NaN,NaN,NaN,NaN
2017,5,19,18.9,9.300000000000001,14.1,3.9,0,NaN,NaN,0,NaN,NaN,NaN
2017,5,20,15.3,8.199999999999999,11.8,6.2,0,NaN,NaN,0,NaN,NaN,NaN
2017,5,21,13.7,9.6,11.7,6.3,0,NaN,NaN,13.7,NaN,NaN,NaN
2017,5,22,NaN,NaN,NaN,NaN,NaN,NaN,NaN,NaN,NaN,NaN,NaN
2017,5,23,21.8,NaN,NaN,NaN,NaN,NaN,NaN,NaN,NaN,NaN,NaN
2017,5,24,21.6,14,17.8,0.2,0,NaN,NaN,0,NaN,NaN,NaN
2017,5,25,14.8,10.2,12.5,5.5,0,NaN,NaN,52.9,NaN,NaN,NaN
2017,5,26,19.3,11.5,15.4,2.6,0,NaN,NaN,3.3,NaN,NaN,NaN
2017,5,27,19.3,13.1,16.2,1.8,0,NaN,NaN,0,NaN,NaN,NaN
2017,5,28,19.6,12.5,16.1,1.9,0,NaN,NaN,0,NaN,NaN,NaN
2017,5,29,NaN,14.7,NaN,NaN,NaN,NaN,NaN,NaN,NaN,NaN,NaN
2017,5,30,22.7,12.8,17.8,0.2,0,NaN,NaN,9.6,NaN,NaN,NaN
2017,5,31,23,11.2,17.1,0.9,0,NaN,NaN,0.7,NaN,NaN,NaN
2017,6,1,18.8,10.8,14.8,3.2,0,NaN,NaN,0,NaN,NaN,NaN
2017,6,2,20.8,9.6,15.2,2.8,0,NaN,NaN,0,NaN,NaN,NaN
2017,6,3,22.1,11.9,17,1,0,NaN,NaN,0,NaN,NaN,NaN
2017,6,4,17.5,11.5,14.5,3.5,0,NaN,NaN,6,NaN,NaN,NaN
2017,6,5,17.3,12.9,15.1,2.9,0,NaN,NaN,0,NaN,NaN,NaN
2017,6,6,17.4,11.6,14.5,3.5,0,NaN,NaN,4.1,NaN,NaN,NaN
2017,6,7,NaN,NaN,NaN,NaN,NaN,NaN,NaN,NaN,NaN,NaN,NaN
2017,6,8,23.7,11.8,17.8,0.2,0,NaN,NaN,0,NaN,NaN,NaN
2017,6,9,25.5,14.6,20.1,0,2.1,NaN,NaN,0,NaN,NaN,NaN
2017,6,10,27,15.9,21.5,0,3.5,NaN,NaN,0,NaN,NaN,NaN
2017,6,11,29,18.8,23.9,0,5.9,NaN,NaN,0,NaN,NaN,NaN
2017,6,12,30.4,19.8,25.1,0,7.1,NaN,NaN,0,NaN,NaN,NaN
2017,6,13,25.4,19,22.2,0,4.2,NaN,NaN,0,NaN,NaN,NaN
2017,6,14,22.4,17.1,19.8,0,1.8,NaN,NaN,0,NaN,NaN,NaN
2017,6,15,18.8,15.9,17.4,0.6,0,NaN,NaN,0,NaN,NaN,NaN
2017,6,16,30.1,16.6,23.4,0,5.4,NaN,NaN,3.1,NaN,NaN,NaN
2017,6,17,27,19.9,23.5,0,5.5,NaN,NaN,0.5,NaN,NaN,NaN
2017,6,18,28.2,20.2,24.2,0,6.2,NaN,NaN,1.4,NaN,NaN,NaN
2017,6,19,28,16.4,22.2,0,4.2,NaN,NaN,1.8,NaN,NaN,NaN
2017,6,20,24.3,13.3,18.8,0,0.8,NaN,NaN,6.4,NaN,NaN,NaN
2017,6,21,23.6,12.9,18.3,0,0.3,NaN,NaN,0,NaN,NaN,NaN
2017,6,22,21.9,14.2,18.1,0,0.1,NaN,NaN,6.8,NaN,NaN,NaN
2017,6,23,25.4,18.9,22.2,0,4.2,NaN,NaN,33.1,NaN,NaN,NaN
2017,6,24,25.1,16.3,20.7,0,2.7,NaN,NaN,0,NaN,NaN,NaN
2017,6,25,21.3,15.6,18.5,0,0.5,NaN,NaN,2.4,NaN,NaN,NaN
2017,6,26,21.3,12.3,16.8,1.2,0,NaN,NaN,4.3,NaN,NaN,NaN
2017,6,27,20.6,12.3,16.5,1.5,0,NaN,NaN,0.7,NaN,NaN,NaN
2017,6,28,24.2,12.4,18.3,0,0.3,NaN,NaN,0,NaN,NaN,NaN
2017,6,29,25.6,14.6,20.1,0,2.1,NaN,NaN,3.2,NaN,NaN,NaN
2017,6,30,26.4,18.5,22.5,0,4.5,NaN,NaN,7.9,NaN,NaN,NaN
2017,7,1,25.2,17.1,21.2,0,3.2,NaN,NaN,3.2,NaN,NaN,NaN
2017,7,2,27.9,15.1,21.5,0,3.5,NaN,NaN,1.3,NaN,NaN,NaN
2017,7,3,24.9,15.6,20.3,0,2.3,NaN,NaN,0,NaN,NaN,NaN
2017,7,4,25.8,15.7,20.8,0,2.8,NaN,NaN,0,NaN,NaN,NaN
2017,7,5,26.2,16,21.1,0,3.1,NaN,NaN,0,NaN,NaN,NaN
2017,7,6,29.4,17,23.2,0,5.2,NaN,NaN,0,NaN,NaN,NaN
2017,7,7,27.4,19.6,23.5,0,5.5,NaN,NaN,5.9,NaN,NaN,NaN
2017,7,8,24.3,17.2,20.8,0,2.8,NaN,NaN,0,NaN,NaN,NaN
2017,7,9,26.7,15.9,21.3,0,3.3,NaN,NaN,0,NaN,NaN,NaN
2017,7,10,24.9,18.5,21.7,0,3.7,NaN,NaN,0,NaN,NaN,NaN
2017,7,11,27.9,17.7,22.8,0,4.8,NaN,NaN,0,NaN,NaN,NaN
2017,7,12,26.2,19.6,22.9,0,4.9,NaN,NaN,0,NaN,NaN,NaN
2017,7,13,19.7,15.9,17.8,0.2,0,NaN,NaN,10.8,NaN,NaN,NaN
2017,7,14,26.3,17.2,21.8,0,3.8,NaN,NaN,0.2,NaN,NaN,NaN
2017,7,15,27.3,18.4,22.9,0,4.9,NaN,NaN,0,NaN,NaN,NaN
2017,7,16,26.1,17.9,22,0,4,NaN,NaN,0,NaN,NaN,NaN
2017,7,17,24.9,20,22.5,0,4.5,NaN,NaN,0,NaN,NaN,NaN
2017,7,18,26.8,17.8,22.3,0,4.3,NaN,NaN,0,NaN,NaN,NaN
2017,7,19,31.1,19.5,25.3,0,7.3,NaN,NaN,0,NaN,NaN,NaN
2017,7,20,23,15.4,19.2,0,1.2,NaN,NaN,27,NaN,NaN,NaN
2017,7,21,29.7,19,24.4,0,6.4,NaN,NaN,0,NaN,NaN,NaN
2017,7,22,24.4,19.8,22.1,0,4.1,NaN,NaN,1.7,NaN,NaN,NaN
2017,7,23,23.8,20.3,22.1,0,4.1,NaN,NaN,0,NaN,NaN,NaN
2017,7,24,22.6,16.8,19.7,0,1.7,NaN,NaN,0,NaN,NaN,NaN
2017,7,25,23.1,16.4,19.8,0,1.8,NaN,NaN,0.2,NaN,NaN,NaN
2017,7,26,21.9,15.4,18.7,0,0.7,NaN,NaN,1.4,NaN,NaN,NaN
2017,7,27,26.6,18.7,22.7,0,4.7,NaN,NaN,6.1,NaN,NaN,NaN
2017,7,28,23.4,16.7,20.1,0,2.1,NaN,NaN,0,NaN,NaN,NaN
2017,7,29,26.8,16.5,21.7,0,3.7,NaN,NaN,0,NaN,NaN,NaN
2017,7,30,30.5,19.9,25.2,0,7.2,NaN,NaN,0,NaN,NaN,NaN
2017,7,31,28.8,18.4,23.6,0,5.6,NaN,NaN,0,NaN,NaN,NaN
2017,8,1,28.9,19.7,24.3,0,6.3,NaN,NaN,0.4,NaN,NaN,NaN
2017,8,2,29.6,19.4,24.5,0,6.5,NaN,NaN,1.5,NaN,NaN,NaN
2017,8,3,28.1,19.5,23.8,0,5.8,NaN,NaN,0,NaN,NaN,NaN
2017,8,4,26.4,17.2,21.8,0,3.8,NaN,NaN,8.5,NaN,NaN,NaN
2017,8,5,21.9,14.9,18.4,0,0.4,NaN,NaN,0.6,NaN,NaN,NaN
2017,8,6,24.3,13,18.7,0,0.7,NaN,NaN,0,NaN,NaN,NaN
2017,8,7,21.3,15.4,18.4,0,0.4,NaN,NaN,0,NaN,NaN,NaN
2017,8,8,25,14.7,19.9,0,1.9,NaN,NaN,0.2,NaN,NaN,NaN
2017,8,9,27.9,17.1,22.5,0,4.5,NaN,NaN,0,NaN,NaN,NaN
2017,8,10,27,17.3,22.2,0,4.2,NaN,NaN,0,NaN,NaN,NaN
2017,8,11,24.5,17.4,21,0,3,NaN,NaN,NaN,NaN,NaN,NaN
2017,8,12,26.4,16.7,21.6,0,3.6,NaN,NaN,NaN,NaN,NaN,NaN
2017,8,13,26.2,15.3,20.8,0,2.8,NaN,NaN,NaN,NaN,NaN,NaN
2017,8,14,26.2,17.6,21.9,0,3.9,NaN,NaN,NaN,NaN,NaN,NaN
2017,8,15,25.8,16.7,21.3,0,3.3,NaN,NaN,NaN,NaN,NaN,NaN
2017,8,16,23.2,17.8,20.5,0,2.5,NaN,NaN,0,NaN,NaN,NaN
2017,8,17,23.4,17.8,20.6,0,2.6,NaN,NaN,8.199999999999999,NaN,NaN,NaN
2017,8,18,27.9,20.7,24.3,0,6.3,NaN,NaN,0,NaN,NaN,NaN
2017,8,19,24.9,17.1,21,0,3,NaN,NaN,0,NaN,NaN,NaN
2017,8,20,28.1,16.2,22.2,0,4.2,NaN,NaN,0,NaN,NaN,NaN
2017,8,21,28.7,18.7,23.7,0,5.7,NaN,NaN,0,NaN,NaN,NaN
2017,8,22,26.4,16.5,21.5,0,3.5,NaN,NaN,0.4,NaN,NaN,NaN
2017,8,23,24.1,14.4,19.3,0,1.3,NaN,NaN,0,NaN,NaN,NaN
2017,8,24,21,13,17,1,0,NaN,NaN,0,NaN,NaN,NaN
2017,8,25,21.5,12.2,16.9,1.1,0,NaN,NaN,0,NaN,NaN,NaN
2017,8,26,22,11.7,16.9,1.1,0,NaN,NaN,0,NaN,NaN,NaN
2017,8,27,21.5,13.4,17.5,0.5,0,NaN,NaN,0,NaN,NaN,NaN
2017,8,28,23.1,17.2,20.2,0,2.2,NaN,NaN,0,NaN,NaN,NaN
2017,8,29,21.7,16.9,19.3,0,1.3,NaN,NaN,0,NaN,NaN,NaN
2017,8,30,23.4,15.1,19.3,0,1.3,NaN,NaN,0,NaN,NaN,NaN
2017,8,31,20.1,11.4,15.8,2.2,0,NaN,NaN,0.6,NaN,NaN,NaN
2017,9,1,18.1,9.4,13.8,4.2,0,NaN,NaN,0,NaN,NaN,NaN
2017,9,2,19.3,10.3,14.8,3.2,0,NaN,NaN,0,NaN,NaN,NaN
2017,9,3,21.8,14.8,18.3,0,0.3,NaN,NaN,7.7,NaN,NaN,NaN
2017,9,4,25.7,14.8,20.3,0,2.3,NaN,NaN,4.4,NaN,NaN,NaN
2017,9,5,20.9,13.8,17.4,0.6,0,NaN,NaN,7.2,NaN,NaN,NaN
2017,9,6,21,12.4,16.7,1.3,0,NaN,NaN,0,NaN,NaN,NaN
2017,9,7,19,11.5,15.3,2.7,0,NaN,NaN,5.2,NaN,NaN,NaN
2017,9,8,18.8,11.1,15,3,0,NaN,NaN,0,NaN,NaN,NaN
2017,9,9,18.5,8.800000000000001,13.7,4.3,0,NaN,NaN,0,NaN,NaN,NaN
2017,9,10,19.1,10.7,14.9,3.1,0,NaN,NaN,0,NaN,NaN,NaN
2017,9,11,22.1,10,16.1,1.9,0,NaN,NaN,0,NaN,NaN,NaN
2017,9,12,23.1,12.4,17.8,0.2,0,NaN,NaN,0,NaN,NaN,NaN
2017,9,13,24.5,13.8,19.2,0,1.2,NaN,NaN,0,NaN,NaN,NaN
2017,9,14,26.3,16.5,21.4,0,3.4,NaN,NaN,0,NaN,NaN,NaN
2017,9,15,25.3,17.8,21.6,0,3.6,NaN,NaN,0,NaN,NaN,NaN
2017,9,16,26.2,17,21.6,0,3.6,NaN,NaN,0,NaN,NaN,NaN
2017,9,17,26.7,17.2,22,0,4,NaN,NaN,0,NaN,NaN,NaN
2017,9,18,26.6,18.2,22.4,0,4.4,NaN,NaN,0,NaN,NaN,NaN
2017,9,19,26,20.1,23.1,0,5.1,NaN,NaN,0,NaN,NaN,NaN
2017,9,20,24.6,19.1,21.9,0,3.9,NaN,NaN,0,NaN,NaN,NaN
2017,9,21,26.8,17.8,22.3,0,4.3,NaN,NaN,0,NaN,NaN,NaN
2017,9,22,26.1,18.4,22.3,0,4.3,NaN,NaN,0,NaN,NaN,NaN
2017,9,23,30.6,18.2,24.4,0,6.4,NaN,NaN,0,NaN,NaN,NaN
2017,9,24,31.7,21.2,26.5,0,8.5,NaN,NaN,0,NaN,NaN,NaN
2017,9,25,31.5,20.8,26.2,0,8.199999999999999,NaN,NaN,0,NaN,NaN,NaN
2017,9,26,31.1,21.5,26.3,0,8.300000000000001,NaN,NaN,0,NaN,NaN,NaN
2017,9,27,29.6,14.8,22.2,0,4.2,NaN,NaN,0,NaN,NaN,NaN
2017,9,28,19,10.5,14.8,3.2,0,NaN,NaN,0,NaN,NaN,NaN
2017,9,29,18.1,9.5,13.8,4.2,0,NaN,NaN,2.4,NaN,NaN,NaN
2017,9,30,15.4,7,11.2,6.8,0,NaN,NaN,0,NaN,NaN,NaN
2017,10,1,17,6.1,11.6,6.4,0,NaN,NaN,0,NaN,NaN,NaN
2017,10,2,18.6,9.4,14,4,0,NaN,NaN,0,NaN,NaN,NaN
2017,10,3,23.6,11.4,17.5,0.5,0,NaN,NaN,0,NaN,NaN,NaN
2017,10,4,24.6,13.3,19,0,1,NaN,NaN,2.6,NaN,NaN,NaN
2017,10,5,22.4,10.8,16.6,1.4,0,NaN,NaN,0,NaN,NaN,NaN
2017,10,6,19.7,14.3,17,1,0,NaN,NaN,0.5,NaN,NaN,NaN
2017,10,7,24.7,17.4,21.1,0,3.1,NaN,NaN,5,NaN,NaN,NaN
2017,10,8,24.5,17.4,21,0,3,NaN,NaN,0,NaN,NaN,NaN
2017,10,9,21.7,14.6,18.2,0,0.2,NaN,NaN,12.5,NaN,NaN,NaN
2017,10,10,23.7,12.7,18.2,0,0.2,NaN,NaN,0,NaN,NaN,NaN
2017,10,11,14.2,8,11.1,6.9,0,NaN,NaN,0.9,NaN,NaN,NaN
2017,10,12,15.4,9.1,12.3,5.7,0,NaN,NaN,0,NaN,NaN,NaN
2017,10,13,18.8,14.7,16.8,1.2,0,NaN,NaN,0,NaN,NaN,NaN
2017,10,14,18.9,14.2,16.6,1.4,0,NaN,NaN,7.4,NaN,NaN,NaN
2017,10,15,23.7,8.199999999999999,16,2,0,NaN,NaN,4.7,NaN,NaN,NaN
2017,10,16,9.9,4.9,7.4,10.6,0,NaN,NaN,0,NaN,NaN,NaN
2017,10,17,19,4.3,11.7,6.3,0,NaN,NaN,0,NaN,NaN,NaN
2017,10,18,20.9,9.9,15.4,2.6,0,NaN,NaN,0,NaN,NaN,NaN
2017,10,19,20.9,10.5,15.7,2.3,0,NaN,NaN,0,NaN,NaN,NaN
2017,10,20,19.5,8.800000000000001,14.2,3.8,0,NaN,NaN,0,NaN,NaN,NaN
2017,10,21,20.8,10.5,15.7,2.3,0,NaN,NaN,0,NaN,NaN,NaN
2017,10,22,22.7,11.4,17.1,0.9,0,NaN,NaN,0,NaN,NaN,NaN
2017,10,23,19.3,15,17.2,0.8,0,NaN,NaN,8.800000000000001,NaN,NaN,NaN
2017,10,24,16.6,10.2,13.4,4.6,0,NaN,NaN,0.9,NaN,NaN,NaN
2017,10,25,11.9,5.6,8.800000000000001,9.199999999999999,0,NaN,NaN,0,NaN,NaN,NaN
2017,10,26,11.4,3.9,7.7,10.3,0,NaN,NaN,0,NaN,NaN,NaN
2017,10,27,14.5,5.2,9.9,8.1,0,NaN,NaN,0,NaN,NaN,NaN
2017,10,28,13.4,4.9,9.199999999999999,8.800000000000001,0,NaN,NaN,5.9,NaN,NaN,NaN
2017,10,29,8.800000000000001,4.9,6.9,11.1,0,NaN,NaN,0,NaN,NaN,NaN
2017,10,30,NaN,5.9,NaN,NaN,NaN,NaN,NaN,NaN,NaN,NaN,NaN
2017,10,31,8.5,5,6.8,11.2,0,NaN,NaN,0,NaN,NaN,NaN
2017,11,1,7.7,4.8,6.3,11.7,0,NaN,NaN,0.9,NaN,NaN,NaN
2017,11,2,14.7,6.7,10.7,7.3,0,NaN,NaN,8.5,0,NaN,NaN
2017,11,3,11.8,4.6,8.199999999999999,9.800000000000001,0,NaN,NaN,1.4,NaN,NaN,NaN
2017,11,4,7.6,3.7,5.7,12.3,0,NaN,NaN,0.4,NaN,NaN,NaN
2017,11,5,15,7.5,11.3,6.7,0,NaN,NaN,15.7,NaN,NaN,NaN
2017,11,6,12.7,4.9,8.800000000000001,9.199999999999999,0,NaN,NaN,0,NaN,NaN,NaN
2017,11,7,NaN,4,NaN,NaN,NaN,NaN,NaN,NaN,NaN,NaN,NaN
2017,11,8,NaN,NaN,NaN,NaN,NaN,NaN,NaN,NaN,NaN,NaN,NaN
2017,11,9,NaN,NaN,NaN,NaN,NaN,NaN,NaN,NaN,NaN,NaN,NaN
2017,11,10,NaN,NaN,NaN,NaN,NaN,NaN,NaN,NaN,NaN,NaN,NaN
2017,11,11,NaN,NaN,NaN,NaN,NaN,NaN,NaN,NaN,NaN,NaN,NaN
2017,11,12,NaN,NaN,NaN,NaN,NaN,NaN,NaN,NaN,NaN,NaN,NaN
2017,11,13,NaN,NaN,NaN,NaN,NaN,NaN,NaN,NaN,NaN,NaN,NaN
2017,11,14,NaN,NaN,NaN,NaN,NaN,NaN,NaN,NaN,NaN,NaN,NaN
2017,11,15,NaN,NaN,NaN,NaN,NaN,NaN,NaN,NaN,NaN,NaN,NaN
2017,11,16,NaN,NaN,NaN,NaN,NaN,NaN,NaN,NaN,NaN,NaN,NaN
2017,11,17,NaN,NaN,NaN,NaN,NaN,NaN,NaN,NaN,NaN,NaN,NaN
2017,11,18,NaN,NaN,NaN,NaN,NaN,NaN,NaN,NaN,NaN,NaN,NaN
2017,11,19,NaN,NaN,NaN,NaN,NaN,NaN,NaN,NaN,NaN,NaN,NaN
2017,11,20,NaN,NaN,NaN,NaN,NaN,NaN,NaN,NaN,NaN,NaN,NaN
2017,11,21,NaN,NaN,NaN,NaN,NaN,NaN,NaN,NaN,NaN,NaN,NaN
2017,11,22,NaN,NaN,NaN,NaN,NaN,NaN,NaN,NaN,NaN,NaN,NaN
2017,11,23,NaN,NaN,NaN,NaN,NaN,NaN,NaN,NaN,NaN,NaN,NaN
2017,11,24,NaN,NaN,NaN,NaN,NaN,NaN,NaN,NaN,NaN,NaN,NaN
2017,11,25,NaN,NaN,NaN,NaN,NaN,NaN,NaN,NaN,NaN,NaN,NaN
2017,11,26,NaN,NaN,NaN,NaN,NaN,NaN,NaN,NaN,NaN,NaN,NaN
2017,11,27,NaN,NaN,NaN,NaN,NaN,NaN,NaN,NaN,NaN,NaN,NaN
2017,11,28,NaN,NaN,NaN,NaN,NaN,NaN,NaN,NaN,NaN,NaN,NaN
2017,11,29,NaN,NaN,NaN,NaN,NaN,NaN,NaN,NaN,NaN,NaN,NaN
2017,11,30,NaN,NaN,NaN,NaN,NaN,NaN,NaN,NaN,NaN,NaN,NaN
2017,12,1,NaN,NaN,NaN,NaN,NaN,NaN,NaN,NaN,NaN,NaN,NaN
2017,12,2,NaN,NaN,NaN,NaN,NaN,NaN,NaN,NaN,NaN,NaN,NaN
2017,12,3,NaN,NaN,NaN,NaN,NaN,NaN,NaN,NaN,NaN,NaN,NaN
2017,12,4,NaN,NaN,NaN,NaN,NaN,NaN,NaN,NaN,NaN,NaN,NaN
2017,12,5,NaN,NaN,NaN,NaN,NaN,NaN,NaN,NaN,NaN,NaN,NaN
2017,12,6,NaN,NaN,NaN,NaN,NaN,NaN,NaN,NaN,NaN,NaN,NaN
2017,12,7,NaN,NaN,NaN,NaN,NaN,NaN,NaN,NaN,NaN,NaN,NaN
2017,12,8,NaN,NaN,NaN,NaN,NaN,NaN,NaN,NaN,NaN,NaN,NaN
2017,12,9,NaN,NaN,NaN,NaN,NaN,NaN,NaN,NaN,NaN,NaN,NaN
2017,12,10,NaN,NaN,NaN,NaN,NaN,NaN,NaN,NaN,NaN,NaN,NaN
2017,12,11,NaN,NaN,NaN,NaN,NaN,NaN,NaN,NaN,NaN,NaN,NaN
2017,12,12,NaN,NaN,NaN,NaN,NaN,NaN,NaN,NaN,NaN,NaN,NaN
2017,12,13,NaN,NaN,NaN,NaN,NaN,NaN,NaN,NaN,NaN,NaN,NaN
2017,12,14,NaN,NaN,NaN,NaN,NaN,NaN,NaN,NaN,NaN,NaN,NaN
2017,12,15,NaN,NaN,NaN,NaN,NaN,NaN,NaN,NaN,NaN,NaN,NaN
2017,12,16,NaN,NaN,NaN,NaN,NaN,NaN,NaN,NaN,NaN,NaN,NaN
2017,12,17,NaN,NaN,NaN,NaN,NaN,NaN,NaN,NaN,NaN,NaN,NaN
2017,12,18,NaN,NaN,NaN,NaN,NaN,NaN,NaN,NaN,NaN,NaN,NaN
2017,12,19,NaN,NaN,NaN,NaN,NaN,NaN,NaN,NaN,NaN,NaN,NaN
2017,12,20,NaN,NaN,NaN,NaN,NaN,NaN,NaN,NaN,NaN,NaN,NaN
2017,12,21,NaN,NaN,NaN,NaN,NaN,NaN,NaN,NaN,NaN,NaN,NaN
2017,12,22,NaN,NaN,NaN,NaN,NaN,NaN,NaN,NaN,NaN,NaN,NaN
2017,12,23,NaN,NaN,NaN,NaN,NaN,NaN,NaN,NaN,NaN,NaN,NaN
2017,12,24,NaN,NaN,NaN,NaN,NaN,NaN,NaN,NaN,NaN,NaN,NaN
2017,12,25,NaN,NaN,NaN,NaN,NaN,NaN,NaN,NaN,NaN,NaN,NaN
2017,12,26,NaN,NaN,NaN,NaN,NaN,NaN,NaN,NaN,NaN,NaN,NaN
2017,12,27,NaN,NaN,NaN,NaN,NaN,NaN,NaN,NaN,NaN,NaN,NaN
2017,12,28,NaN,NaN,NaN,NaN,NaN,NaN,NaN,NaN,NaN,NaN,NaN
2017,12,29,NaN,NaN,NaN,NaN,NaN,NaN,NaN,NaN,NaN,NaN,NaN
2017,12,30,NaN,NaN,NaN,NaN,NaN,NaN,NaN,NaN,NaN,NaN,NaN
2017,12,31,NaN,NaN,NaN,NaN,NaN,NaN,NaN,NaN,NaN,NaN,NaN
